Player,Takim,Piyasa_Degeri,isim_temiz
Uğurcan Çakır,Galatasaray,15.00 mil. €,ugurcan cakır
Günay Güvenç,Galatasaray,300 bin €,gunay guvenc
Batuhan Şen,Galatasaray,200 bin €,batuhan sen
Enes Emre Büyük,Galatasaray,-,enes emre buyuk
Wilfried Singo,Galatasaray,25.00 mil. €,wilfried singo
Davinson Sánchez,Galatasaray,18.00 mil. €,davinson sanchez
Abdülkerim Bardakcı,Galatasaray,6.50 mil. €,abdulkerim bardakcı
Arda Ünyay,Galatasaray,1.00 mil. €,arda unyay
Metehan Baltacı,Galatasaray,-,metehan baltacı
Ismail Jakobs,Galatasaray,8.00 mil. €,ismail jakobs
Eren Elmalı,Galatasaray,5.00 mil. €,eren elmalı
Sacha Boey,Galatasaray,15.00 mil. €,sacha boey
Roland Sallai,Galatasaray,12.00 mil. €,roland sallai
Lucas Torreira,Galatasaray,12.00 mil. €,lucas torreira
Mario Lemina,Galatasaray,5.00 mil. €,mario lemina
Kaan Ayhan,Galatasaray,2.00 mil. €,kaan ayhan
Gabriel Sara,Galatasaray,22.00 mil. €,gabriel sara
Renato Nhaga,Galatasaray,6.00 mil. €,renato nhaga
İlkay Gündoğan,Galatasaray,2.50 mil. €,ilkay gundogan
Gökdeniz Gürpüz,Galatasaray,250 bin €,gokdeniz gurpuz
Barış Alper Yılmaz,Galatasaray,26.00 mil. €,barıs alper yılmaz
Noa Lang,Galatasaray,25.00 mil. €,noa lang
Ahmed Kutucu,Galatasaray,3.50 mil. €,ahmed kutucu
Leroy Sané,Galatasaray,22.00 mil. €,leroy sane
Yunus Akgün,Galatasaray,18.00 mil. €,yunus akgun
Yáser Asprilla,Galatasaray,14.00 mil. €,yaser asprilla
Armando Güner,Galatasaray,500 bin €,armando guner
Victor Osimhen,Galatasaray,75.00 mil. €,victor osimhen
Mauro Icardi,Galatasaray,5.00 mil. €,mauro icardi
Ederson,Fenerbahce,13.00 mil. €,ederson
Tarık Çetin,Fenerbahce,600 bin €,tarık cetin
Mert Günok,Fenerbahce,500 bin €,mert gunok
Engin Can Biterge,Fenerbahce,-,engin can biterge
Jayden Oosterwolde,Fenerbahce,18.00 mil. €,jayden oosterwolde
Milan Škriniar,Fenerbahce,11.00 mil. €,milan skriniar
Yiğit Efe Demir,Fenerbahce,5.00 mil. €,yigit efe demir
Çağlar Söyüncü,Fenerbahce,4.50 mil. €,caglar soyuncu
Kamil Efe Üregen,Fenerbahce,100 bin €,kamil efe uregen
Archie Brown,Fenerbahce,9.00 mil. €,archie brown
Levent Mercan,Fenerbahce,5.00 mil. €,levent mercan
Mert Müldür,Fenerbahce,7.00 mil. €,mert muldur
Nélson Semedo,Fenerbahce,7.00 mil. €,nelson semedo
Edson Álvarez,Fenerbahce,18.00 mil. €,edson alvarez
İsmail Yüksek,Fenerbahce,15.00 mil. €,ismail yuksek
N'Golo Kanté,Fenerbahce,4.50 mil. €,n'golo kante
Mattéo Guendouzi,Fenerbahce,28.00 mil. €,matteo guendouzi
Fred,Fenerbahce,6.00 mil. €,fred
Abdou Aziz Fall,Fenerbahce,100 bin €,abdou aziz fall
Marco Asensio,Fenerbahce,15.00 mil. €,marco asensio
Talisca,Fenerbahce,8.00 mil. €,talisca
Mert Hakan Yandaş,Fenerbahce,-,mert hakan yandas
Kerem Aktürkoğlu,Fenerbahce,22.00 mil. €,kerem akturkoglu
Oğuz Aydın,Fenerbahce,8.00 mil. €,oguz aydın
Dorgeles Nene,Fenerbahce,18.00 mil. €,dorgeles nene
Anthony Musaba,Fenerbahce,6.00 mil. €,anthony musaba
Emre Mor,Fenerbahce,600 bin €,emre mor
Sidiki Chérif,Fenerbahce,18.00 mil. €,sidiki cherif
André Onana,Trabzonspor,12.00 mil. €,andre onana
Onuralp Çevikkan,Trabzonspor,1.00 mil. €,onuralp cevikkan
Ahmet Yıldırım,Trabzonspor,-,ahmet yıldırım
Erol Can Çolak,Trabzonspor,-,erol can colak
Arseniy Batagov,Trabzonspor,11.00 mil. €,arseniy batagov
Chibuike Nwaiwu,Trabzonspor,7.00 mil. €,chibuike nwaiwu
Stefan Savic,Trabzonspor,500 bin €,stefan savic
Arda Öztürk,Trabzonspor,100 bin €,arda ozturk
Taha Emre İnce,Trabzonspor,100 bin €,taha emre ince
Mathias Løvik,Trabzonspor,4.00 mil. €,mathias løvik
Mustafa Eskihellaç,Trabzonspor,3.50 mil. €,mustafa eskihellac
Wagner Pina,Trabzonspor,8.00 mil. €,wagner pina
Okay Yokuşlu,Trabzonspor,1.50 mil. €,okay yokuslu
Salih Malkoçoğlu,Trabzonspor,1.00 mil. €,salih malkocoglu
Christ Inao Oulaï,Trabzonspor,17.00 mil. €,christ inao oulai
Tim Jabol-Folcarelli,Trabzonspor,6.00 mil. €,tim jabol-folcarelli
Benjamin Bouchouari,Trabzonspor,5.00 mil. €,benjamin bouchouari
Ozan Tufan,Trabzonspor,1.50 mil. €,ozan tufan
Boran Başkan,Trabzonspor,100 bin €,boran baskan
Ernest Muci,Trabzonspor,11.00 mil. €,ernest muci
Anthony Nwakaeme,Trabzonspor,200 bin €,anthony nwakaeme
Oleksandr Zubkov,Trabzonspor,7.00 mil. €,oleksandr zubkov
Edin Visca,Trabzonspor,300 bin €,edin visca
Onuralp Çakıroğlu,Trabzonspor,-,onuralp cakıroglu
Felipe Augusto,Trabzonspor,10.00 mil. €,felipe augusto
Paul Onuachu,Trabzonspor,6.00 mil. €,paul onuachu
Umut Nayir,Trabzonspor,700 bin €,umut nayir
Ersin Destanoğlu,Besiktas,2.50 mil. €,ersin destanoglu
Devis Vásquez,Besiktas,1.50 mil. €,devis vasquez
Emre Bilgin,Besiktas,500 bin €,emre bilgin
Emir Yaşar,Besiktas,100 bin €,emir yasar
Emmanuel Agbadou,Besiktas,18.00 mil. €,emmanuel agbadou
Tiago Djaló,Besiktas,7.00 mil. €,tiago djalo
Emirhan Topçu,Besiktas,6.00 mil. €,emirhan topcu
Yasin Özcan,Besiktas,5.00 mil. €,yasin ozcan
Felix Uduokhai,Besiktas,4.00 mil. €,felix uduokhai
Rıdvan Yılmaz,Besiktas,4.00 mil. €,rıdvan yılmaz
Amir Murillo,Besiktas,8.00 mil. €,amir murillo
Taylan Bulut,Besiktas,5.00 mil. €,taylan bulut
Gökhan Sazdağı,Besiktas,1.50 mil. €,gokhan sazdagı
Kristjan Asllani,Besiktas,13.00 mil. €,kristjan asllani
Wilfred Ndidi,Besiktas,10.00 mil. €,wilfred ndidi
Kartal Yılmaz,Besiktas,2.50 mil. €,kartal yılmaz
Necip Uysal,Besiktas,100 bin €,necip uysal
Orkun Kökçü,Besiktas,25.00 mil. €,orkun kokcu
Salih Uçan,Besiktas,1.00 mil. €,salih ucan
Junior Olaitan,Besiktas,5.00 mil. €,junior olaitan
El Bilal Touré,Besiktas,15.00 mil. €,el bilal toure
Jota Silva,Besiktas,12.00 mil. €,jota silva
Devrim Şahin,Besiktas,400 bin €,devrim sahin
Vaclav Cerny,Besiktas,8.00 mil. €,vaclav cerny
Cengiz Ünder,Besiktas,6.00 mil. €,cengiz under
Milot Rashica,Besiktas,4.00 mil. €,milot rashica
Hyeon-gyu Oh,Besiktas,15.00 mil. €,hyeon-gyu oh
Mustafa Hekimoğlu,Besiktas,5.00 mil. €,mustafa hekimoglu
Mateusz Lis,Goztepe,2.50 mil. €,mateusz lis
Ekrem Kılıçarslan,Goztepe,250 bin €,ekrem kılıcarslan
Şamil Öztürk,Goztepe,100 bin €,samil ozturk
Nevzat Üzel,Goztepe,-,nevzat uzel
Taha Altıkardeş,Goztepe,5.00 mil. €,taha altıkardes
Malcom Bokele,Goztepe,4.50 mil. €,malcom bokele
Furkan Bayır,Goztepe,1.20 mil. €,furkan bayır
Héliton,Goztepe,1.00 mil. €,heliton
Allan Godói,Goztepe,100 bin €,allan godoi
Ege Yıldırım,Goztepe,50 bin €,ege yıldırım
Erkam Kömür,Goztepe,75 bin €,erkam komur
Anthony Dennis,Goztepe,8.00 mil. €,anthony dennis
Novatus Miroshi,Goztepe,3.50 mil. €,novatus miroshi
Musah Mohammed,Goztepe,900 bin €,musah mohammed
Furkan Malak,Goztepe,-,furkan malak
Arda Okan Kurtulan,Goztepe,5.00 mil. €,arda okan kurtulan
Ogün Bayrak,Goztepe,800 bin €,ogun bayrak
Uğur Kaan Yıldız,Goztepe,700 bin €,ugur kaan yıldız
Amin Cherni,Goztepe,2.50 mil. €,amin cherni
İsmail Köybaşı,Goztepe,50 bin €,ismail koybası
Filip Krastev,Goztepe,3.50 mil. €,filip krastev
Alexis Antunes,Goztepe,1.50 mil. €,alexis antunes
Efkan Bekiroğlu,Goztepe,1.20 mil. €,efkan bekiroglu
Juan,Goztepe,8.00 mil. €,juan
Janderson,Goztepe,4.50 mil. €,janderson
Guilherme Luiz,Goztepe,1.50 mil. €,guilherme luiz
Jeh,Goztepe,700 bin €,jeh
Muhammed Şengezer,Basaksehir,2.50 mil. €,muhammed sengezer
Doğan Alemdar,Basaksehir,1.50 mil. €,dogan alemdar
Volkan Babacan,Basaksehir,50 bin €,volkan babacan
Luca Stancic,Basaksehir,-,luca stancic
Jerome Opoku,Basaksehir,5.00 mil. €,jerome opoku
Léo Duarte,Basaksehir,2.50 mil. €,leo duarte
Hamza Güreler,Basaksehir,2.00 mil. €,hamza gureler
Ousseynou Ba,Basaksehir,1.50 mil. €,ousseynou ba
Christopher Operi,Basaksehir,4.00 mil. €,christopher operi
Kazımcan Karataş,Basaksehir,2.00 mil. €,kazımcan karatas
Festy Ebosele,Basaksehir,3.50 mil. €,festy ebosele
Onur Bulut,Basaksehir,700 bin €,onur bulut
Ömer Ali Şahiner,Basaksehir,250 bin €,omer ali sahiner
Jakub Kaluzinski,Basaksehir,3.50 mil. €,jakub kaluzinski
Berat Özdemir,Basaksehir,3.00 mil. €,berat ozdemir
Onur Ergün,Basaksehir,200 bin €,onur ergun
Olivier Kemen,Basaksehir,2.50 mil. €,olivier kemen
Miguel Crespo,Basaksehir,2.50 mil. €,miguel crespo
Umut Güneş,Basaksehir,2.50 mil. €,umut gunes
Amine Harit,Basaksehir,5.00 mil. €,amine harit
Ivan Brnic,Basaksehir,2.00 mil. €,ivan brnic
Berkay Aslan,Basaksehir,400 bin €,berkay aslan
Abbosbek Fayzullaev,Basaksehir,7.00 mil. €,abbosbek fayzullaev
Yusuf Sarı,Basaksehir,3.50 mil. €,yusuf sarı
Eldor Shomurodov,Basaksehir,7.00 mil. €,eldor shomurodov
Bertuğ Yıldırım,Basaksehir,4.00 mil. €,bertug yıldırım
Davie Selke,Basaksehir,3.00 mil. €,davie selke
Nuno Da Costa,Basaksehir,500 bin €,nuno da costa
Okan Kocuk,Samsunspor,2.20 mil. €,okan kocuk
İrfan Can Eğribayat,Samsunspor,1.50 mil. €,irfan can egribayat
Efe Yiğit Üstün,Samsunspor,-,efe yigit ustun
Efe Berat Törüz,Samsunspor,-,efe berat toruz
Rick van Drongelen,Samsunspor,4.00 mil. €,rick van drongelen
Toni Borevković,Samsunspor,2.50 mil. €,toni borevkovic
Lubomir Satka,Samsunspor,1.80 mil. €,lubomir satka
Bedirhan Çetin,Samsunspor,150 bin €,bedirhan cetin
Ali Badra Diabaté,Samsunspor,100 bin €,ali badra diabate
Logi Tómasson,Samsunspor,2.50 mil. €,logi tomasson
Soner Gönül,Samsunspor,600 bin €,soner gonul
Enes Albak,Samsunspor,150 bin €,enes albak
Joe Mendes,Samsunspor,2.50 mil. €,joe mendes
Zeki Yavru,Samsunspor,300 bin €,zeki yavru
Antoine Makoumbou,Samsunspor,4.00 mil. €,antoine makoumbou
Yunus Emre Çift,Samsunspor,600 bin €,yunus emre cift
Franck Atoen,Samsunspor,-,franck atoen
Eyüp Değirmenci,Samsunspor,-,eyup degirmenci
Olivier Ntcham,Samsunspor,2.80 mil. €,olivier ntcham
Celil Yüksel,Samsunspor,800 bin €,celil yuksel
Yalçın Kayan,Samsunspor,700 bin €,yalcın kayan
Muhammet Özbaskıcı,Samsunspor,-,muhammet ozbaskıcı
Alper Efe Pazar,Samsunspor,-,alper efe pazar
Carlo Holse,Samsunspor,6.00 mil. €,carlo holse
Afonso Sousa,Samsunspor,3.50 mil. €,afonso sousa
Jaurès Assoumou,Samsunspor,2.00 mil. €,jaures assoumou
Emre Kılınç,Samsunspor,1.20 mil. €,emre kılınc
Tahsin Bülbül,Samsunspor,200 bin €,tahsin bulbul
Saikuba Jarju,Samsunspor,-,saikuba jarju
Elayis Tavsan,Samsunspor,1.50 mil. €,elayis tavsan
Tanguy Coulibaly,Samsunspor,1.20 mil. €,tanguy coulibaly
Cherif Ndiaye,Samsunspor,5.00 mil. €,cherif ndiaye
Marius Mouandilmadji,Samsunspor,4.50 mil. €,marius mouandilmadji
Ebrima Ceesay,Samsunspor,50 bin €,ebrima ceesay
Aleksandar Jovanovic,Kocaelispor,800 bin €,aleksandar jovanovic
Serhat Öztaşdelen,Kocaelispor,200 bin €,serhat oztasdelen
Gökhan Değirmenci,Kocaelispor,50 bin €,gokhan degirmenci
Botond Balogh,Kocaelispor,2.50 mil. €,botond balogh
Hrvoje Smolcic,Kocaelispor,2.00 mil. €,hrvoje smolcic
Mateusz Wieteska,Kocaelispor,1.20 mil. €,mateusz wieteska
Deniz Ceylan,Kocaelispor,-,deniz ceylan
Massadio Haïdara,Kocaelispor,800 bin €,massadio haidara
Muharrem Cinan,Kocaelispor,500 bin €,muharrem cinan
Anfernee Dijksteel,Kocaelispor,1.20 mil. €,anfernee dijksteel
Ahmet Oğuz,Kocaelispor,400 bin €,ahmet oguz
Show,Kocaelispor,1.50 mil. €,show
Mahamadou Susoho,Kocaelispor,1.00 mil. €,mahamadou susoho
Habib Keïta,Kocaelispor,1.80 mil. €,habib keita
Karol Linetty,Kocaelispor,1.50 mil. €,karol linetty
Joseph Nonge,Kocaelispor,1.50 mil. €,joseph nonge
Samet Yalçın,Kocaelispor,250 bin €,samet yalcın
Darko Churlinov,Kocaelispor,1.50 mil. €,darko churlinov
Rigoberto Rivas,Kocaelispor,1.20 mil. €,rigoberto rivas
Tayfur Bingöl,Kocaelispor,500 bin €,tayfur bingol
Furkan Gedik,Kocaelispor,250 bin €,furkan gedik
Can Keleş,Kocaelispor,1.50 mil. €,can keles
Dan Agyei,Kocaelispor,800 bin €,dan agyei
Bruno Petkovic,Kocaelispor,2.00 mil. €,bruno petkovic
Serdar Dursun,Kocaelispor,300 bin €,serdar dursun
Ahmet Sağat,Kocaelispor,250 bin €,ahmet sagat
Arda Özyar,Kocaelispor,-,arda ozyar
Zafer Görgen,Gaziantep-fk,800 bin €,zafer gorgen
Burak Bozan,Gaziantep-fk,700 bin €,burak bozan
Cemilhan Aslan,Gaziantep-fk,-,cemilhan aslan
Tayyip Talha Sanuç,Gaziantep-fk,1.80 mil. €,tayyip talha sanuc
Nihad Mujakic,Gaziantep-fk,1.20 mil. €,nihad mujakic
Arda Kızıldağ,Gaziantep-fk,900 bin €,arda kızıldag
Myenty Abena,Gaziantep-fk,600 bin €,myenty abena
Nazım Sangaré,Gaziantep-fk,200 bin €,nazım sangare
Kévin Rodrigues,Gaziantep-fk,1.00 mil. €,kevin rodrigues
Deian Sorescu,Gaziantep-fk,1.80 mil. €,deian sorescu
Luis Pérez,Gaziantep-fk,1.00 mil. €,luis perez
Salem M'Bakata,Gaziantep-fk,500 bin €,salem m'bakata
Melih Kabasakal,Gaziantep-fk,700 bin €,melih kabasakal
Ogün Özçiçek,Gaziantep-fk,500 bin €,ogun ozcicek
Drissa Camara,Gaziantep-fk,3.00 mil. €,drissa camara
Karamba Gassama,Gaziantep-fk,300 bin €,karamba gassama
Kacper Kozlowski,Gaziantep-fk,5.00 mil. €,kacper kozlowski
Alexandru Maxim,Gaziantep-fk,500 bin €,alexandru maxim
Victor Ntino-Emo Gidado,Gaziantep-fk,400 bin €,victor ntino-emo gidado
Yusuf Kabadayi,Gaziantep-fk,1.50 mil. €,yusuf kabadayi
Christopher Lungoyi,Gaziantep-fk,1.00 mil. €,christopher lungoyi
Ali Osman Kalın,Gaziantep-fk,50 bin €,ali osman kalın
Ali Mevran Ablak,Gaziantep-fk,-,ali mevran ablak
Mohamed Bayo,Gaziantep-fk,4.00 mil. €,mohamed bayo
Denis Drăguș,Gaziantep-fk,2.50 mil. €,denis dragus
Muhammet Akmelek,Gaziantep-fk,50 bin €,muhammet akmelek
Yahia Fofana,caykur-rizespor,5.00 mil. €,yahia fofana
Erdem Canpolat,caykur-rizespor,500 bin €,erdem canpolat
Efe Doğan,caykur-rizespor,150 bin €,efe dogan
Attila Mocsi,caykur-rizespor,2.00 mil. €,attila mocsi
Modibo Sagnan,caykur-rizespor,2.00 mil. €,modibo sagnan
Khusniddin Alikulov,caykur-rizespor,1.50 mil. €,khusniddin alikulov
Samet Akaydin,caykur-rizespor,1.20 mil. €,samet akaydin
Emir Ortakaya,caykur-rizespor,700 bin €,emir ortakaya
Casper Højer,caykur-rizespor,1.20 mil. €,casper højer
Taha Şahin,caykur-rizespor,3.00 mil. €,taha sahin
Mithat Pala,caykur-rizespor,1.80 mil. €,mithat pala
Furkan Orak,caykur-rizespor,250 bin €,furkan orak
Giannis Papanikolaou,caykur-rizespor,1.50 mil. €,giannis papanikolaou
Taylan Antalyalı,caykur-rizespor,800 bin €,taylan antalyalı
Qazim Laci,caykur-rizespor,2.80 mil. €,qazim laci
Ibrahim Olawoyin,caykur-rizespor,2.20 mil. €,ibrahim olawoyin
Muhamed Buljubasic,caykur-rizespor,1.80 mil. €,muhamed buljubasic
Valentin Mihăilă,caykur-rizespor,2.80 mil. €,valentin mihaila
Altin Zeqiri,caykur-rizespor,1.20 mil. €,altin zeqiri
Emrecan Bulut,caykur-rizespor,600 bin €,emrecan bulut
Adedire Mebude,caykur-rizespor,1.20 mil. €,adedire mebude
Loide Augusto,caykur-rizespor,1.00 mil. €,loide augusto
Frantzdy Pierrot,caykur-rizespor,2.50 mil. €,frantzdy pierrot
Ali Sowe,caykur-rizespor,1.50 mil. €,ali sowe
Halil Dervişoğlu,caykur-rizespor,800 bin €,halil dervisoglu
Ertuğrul Taşkıran,Alanyaspor,100 bin €,ertugrul taskıran
Paulo Victor,Alanyaspor,50 bin €,paulo victor
Ümit Akdağ,Alanyaspor,4.00 mil. €,umit akdag
Nuno Lima,Alanyaspor,1.50 mil. €,nuno lima
Fatih Aksoy,Alanyaspor,1.20 mil. €,fatih aksoy
Fidan Aliti,Alanyaspor,900 bin €,fidan aliti
Bruno Viana,Alanyaspor,600 bin €,bruno viana
Batuhan Yavuz,Alanyaspor,50 bin €,batuhan yavuz
Maestro,Alanyaspor,7.00 mil. €,maestro
Gaius Makouta,Alanyaspor,2.00 mil. €,gaius makouta
Nicolas Janvier,Alanyaspor,700 bin €,nicolas janvier
İzzet Çelik,Alanyaspor,300 bin €,izzet celik
Buluthan Bulut,Alanyaspor,50 bin €,buluthan bulut
Florent Hadergjonaj,Alanyaspor,1.50 mil. €,florent hadergjonaj
Enes Keskin,Alanyaspor,400 bin €,enes keskin
Ruan,Alanyaspor,2.00 mil. €,ruan
Baran Moğultay,Alanyaspor,250 bin €,baran mogultay
Yusuf Özdemir,Alanyaspor,-,yusuf ozdemir
Meschack Elia,Alanyaspor,2.00 mil. €,meschack elia
Ianis Hagi,Alanyaspor,1.80 mil. €,ianis hagi
İbrahim Kaya,Alanyaspor,1.00 mil. €,ibrahim kaya
Ui-jo Hwang,Alanyaspor,500 bin €,ui-jo hwang
Efecan Karaca,Alanyaspor,100 bin €,efecan karaca
Yusuf Can Karademir,Alanyaspor,50 bin €,yusuf can karademir
Steve Mounié,Alanyaspor,1.80 mil. €,steve mounie
Güven Yalçın,Alanyaspor,1.00 mil. €,guven yalcın
Deniz Ertaş,Konyaspor,3.50 mil. €,deniz ertas
Bahadır Güngördü,Konyaspor,600 bin €,bahadır gungordu
Egemen Aydın,Konyaspor,-,egemen aydın
Adamo Nagalo,Konyaspor,2.50 mil. €,adamo nagalo
Riechedly Bazoer,Konyaspor,2.20 mil. €,riechedly bazoer
Adil Demirbağ,Konyaspor,2.00 mil. €,adil demirbag
Rayyan Baniya,Konyaspor,1.50 mil. €,rayyan baniya
Uğurcan Yazğılı,Konyaspor,1.20 mil. €,ugurcan yazgılı
Josip Calusic,Konyaspor,200 bin €,josip calusic
Arif Boşluk,Konyaspor,800 bin €,arif bosluk
Guilherme,Konyaspor,300 bin €,guilherme
Yasir Subaşı,Konyaspor,100 bin €,yasir subası
Yhoan Andzouana,Konyaspor,800 bin €,yhoan andzouana
Jin-ho Jo,Konyaspor,800 bin €,jin-ho jo
Marko Jevtovic,Konyaspor,500 bin €,marko jevtovic
Ufuk Akyol,Konyaspor,500 bin €,ufuk akyol
Berkan Kutlu,Konyaspor,2.00 mil. €,berkan kutlu
Melih İbrahimoğlu,Konyaspor,1.80 mil. €,melih ibrahimoglu
Morten Bjørlo,Konyaspor,900 bin €,morten bjørlo
Esat Buğa,Konyaspor,50 bin €,esat buga
Enis Bardhi,Konyaspor,2.50 mil. €,enis bardhi
Kazeem Olaigbe,Konyaspor,4.00 mil. €,kazeem olaigbe
Diogo Gonçalves,Konyaspor,2.80 mil. €,diogo goncalves
Sander Svendsen,Konyaspor,700 bin €,sander svendsen
Tunahan Taşçı,Konyaspor,700 bin €,tunahan tascı
Marius Ștefănescu,Konyaspor,700 bin €,marius stefanescu
Deniz Türüç,Konyaspor,600 bin €,deniz turuc
Jackson Muleka,Konyaspor,2.50 mil. €,jackson muleka
Blaz Kramer,Konyaspor,900 bin €,blaz kramer
Eren Yağmur,Konyaspor,-,eren yagmur
Ricardo Velho,Genclerbirligi,2.50 mil. €,ricardo velho
Erhan Erentürk,Genclerbirligi,250 bin €,erhan erenturk
Ebrar Aydın,Genclerbirligi,50 bin €,ebrar aydın
Berk Deniz Çukurcu,Genclerbirligi,-,berk deniz cukurcu
Dimitrios Goutas,Genclerbirligi,900 bin €,dimitrios goutas
Thalisson,Genclerbirligi,700 bin €,thalisson
Zan Zuzek,Genclerbirligi,700 bin €,zan zuzek
Abdullah Şahindere,Genclerbirligi,50 bin €,abdullah sahindere
Umut İslamoğlu,Genclerbirligi,50 bin €,umut islamoglu
Arda Çağan Çelik,Genclerbirligi,-,arda cagan celik
Abdurrahim Dursun,Genclerbirligi,250 bin €,abdurrahim dursun
Matej Hanousek,Genclerbirligi,150 bin €,matej hanousek
Hamza Aydar,Genclerbirligi,-,hamza aydar
Pedro Pereira,Genclerbirligi,1.20 mil. €,pedro pereira
Fıratcan Üzüm,Genclerbirligi,200 bin €,fıratcan uzum
Emirhan Ünal,Genclerbirligi,-,emirhan unal
Tom Dele-Bashiru,Genclerbirligi,1.80 mil. €,tom dele-bashiru
Moussa Kyabou,Genclerbirligi,400 bin €,moussa kyabou
Peter Etebo,Genclerbirligi,300 bin €,peter etebo
Ousmane Diabate,Genclerbirligi,-,ousmane diabate
Göktan Gürpüz,Genclerbirligi,2.00 mil. €,goktan gurpuz
Franco Tongya,Genclerbirligi,2.00 mil. €,franco tongya
Oğulcan Ülgün,Genclerbirligi,1.20 mil. €,ogulcan ulgun
Samed Onur,Genclerbirligi,500 bin €,samed onur
Ensar Kemaloğlu,Genclerbirligi,300 bin €,ensar kemaloglu
Dal Varesanovic,Genclerbirligi,1.50 mil. €,dal varesanovic
Henry Onyekuru,Genclerbirligi,1.50 mil. €,henry onyekuru
Metehan Mimaroğlu,Genclerbirligi,400 bin €,metehan mimaroglu
Cihan Çanak,Genclerbirligi,2.50 mil. €,cihan canak
Adama Traoré,Genclerbirligi,2.00 mil. €,adama traore
Sékou Koïta,Genclerbirligi,3.00 mil. €,sekou koita
M'Baye Niang,Genclerbirligi,800 bin €,m'baye niang
Ayaz Özcan,Genclerbirligi,50 bin €,ayaz ozcan
Andreas Gianniotis,Kasimpasa,350 bin €,andreas gianniotis
Ali Emre Yanar,Kasimpasa,100 bin €,ali emre yanar
Ege Albayrak,Kasimpasa,-,ege albayrak
Şant Kazancı,Kasimpasa,-,sant kazancı
Rodrigo Becão,Kasimpasa,2.50 mil. €,rodrigo becao
Nicholas Opoku,Kasimpasa,1.50 mil. €,nicholas opoku
Adem Arous,Kasimpasa,1.00 mil. €,adem arous
Taylan Aydın,Kasimpasa,300 bin €,taylan aydın
Ahmet Taha Dağbaşı,Kasimpasa,-,ahmet taha dagbası
Godfried Frimpong,Kasimpasa,2.00 mil. €,godfried frimpong
Emre Taşdemir,Kasimpasa,100 bin €,emre tasdemir
Cláudio Winck,Kasimpasa,800 bin €,claudio winck
Kamil Ahmet Çörekçi,Kasimpasa,100 bin €,kamil ahmet corekci
Berkay Muratoğlu,Kasimpasa,50 bin €,berkay muratoglu
Andri Fannar Baldursson,Kasimpasa,1.50 mil. €,andri fannar baldursson
Burak Gültekin,Kasimpasa,150 bin €,burak gultekin
Kerem Demirbay,Kasimpasa,1.20 mil. €,kerem demirbay
Eyüp Aydın,Kasimpasa,800 bin €,eyup aydın
Cafú,Kasimpasa,300 bin €,cafu
Haris Hajradinovic,Kasimpasa,1.50 mil. €,haris hajradinovic
Adrian Benedyczak,Kasimpasa,2.50 mil. €,adrian benedyczak
Mortadha Ben Ouanes,Kasimpasa,1.50 mil. €,mortadha ben ouanes
Ali Yavuz Kol,Kasimpasa,300 bin €,ali yavuz kol
Erdem Çetinkaya,Kasimpasa,100 bin €,erdem cetinkaya
İrfan Can Kahveci,Kasimpasa,3.50 mil. €,irfan can kahveci
Jim Allevinah,Kasimpasa,1.20 mil. €,jim allevinah
Fousseni Diabaté,Kasimpasa,900 bin €,fousseni diabate
Pape Habib Guèye,Kasimpasa,1.50 mil. €,pape habib gueye
Yusuf Barası,Kasimpasa,1.00 mil. €,yusuf barası
Kubilay Kanatsızkuş,Kasimpasa,500 bin €,kubilay kanatsızkus
Cenk Tosun,Kasimpasa,500 bin €,cenk tosun
Abdullah Yiğiter,Antalyaspor,400 bin €,abdullah yigiter
Julián Cuesta,Antalyaspor,250 bin €,julian cuesta
Kağan Arıcan,Antalyaspor,150 bin €,kagan arıcan
Georgiy Dzhikiya,Antalyaspor,1.50 mil. €,georgiy dzhikiya
Lautaro Giannetti,Antalyaspor,1.50 mil. €,lautaro giannetti
Hüseyin Türkmen,Antalyaspor,300 bin €,huseyin turkmen
Bahadır Öztürk,Antalyaspor,200 bin €,bahadır ozturk
Veysel Sarı,Antalyaspor,100 bin €,veysel sarı
Ensar Buğra Tivsiz,Antalyaspor,-,ensar bugra tivsiz
Ege İzmirli,Antalyaspor,-,ege izmirli
Kenneth Paal,Antalyaspor,2.50 mil. €,kenneth paal
Samet Karakoç,Antalyaspor,500 bin €,samet karakoc
Bünyamin Balcı,Antalyaspor,2.20 mil. €,bunyamin balcı
Erdoğan Yeşilyurt,Antalyaspor,400 bin €,erdogan yesilyurt
Jesper Ceesay,Antalyaspor,1.20 mil. €,jesper ceesay
Ramzi Safuri,Antalyaspor,900 bin €,ramzi safuri
Soner Dikmen,Antalyaspor,800 bin €,soner dikmen
Dario Saric,Antalyaspor,700 bin €,dario saric
Yakub İlçin,Antalyaspor,300 bin €,yakub ilcin
Abdülkadir Ömür,Antalyaspor,2.20 mil. €,abdulkadir omur
Nikola Storm,Antalyaspor,1.50 mil. €,nikola storm
Doğukan Sinik,Antalyaspor,1.00 mil. €,dogukan sinik
Berkay Topdemir,Antalyaspor,50 bin €,berkay topdemir
Samuel Ballet,Antalyaspor,2.00 mil. €,samuel ballet
Yohan Boli,Antalyaspor,1.00 mil. €,yohan boli
Sander van de Streek,Antalyaspor,600 bin €,sander van de streek
Bachir Gueye,Antalyaspor,100 bin €,bachir gueye
Kerem Kayaarası,Antalyaspor,50 bin €,kerem kayaarası
Marcos Felipe,Eyupspor,2.00 mil. €,marcos felipe
Jankat Yılmaz,Eyupspor,800 bin €,jankat yılmaz
Umut Keseci,Eyupspor,50 bin €,umut keseci
Anıl Yaşar,Eyupspor,350 bin €,anıl yasar
Jérôme Onguéné,Eyupspor,250 bin €,jerome onguene
Luccas Claro,Eyupspor,200 bin €,luccas claro
Bedirhan Özyurt,Eyupspor,150 bin €,bedirhan ozyurt
Gilbert Mendy,Eyupspor,50 bin €,gilbert mendy
Diabel Ndoye,Eyupspor,-,diabel ndoye
Berhan Kutlay Şatlı,Eyupspor,-,berhan kutlay satlı
Umut Meraş,Eyupspor,400 bin €,umut meras
Arda Yavuz,Eyupspor,50 bin €,arda yavuz
Calegari,Eyupspor,2.50 mil. €,calegari
Talha Ülvan,Eyupspor,300 bin €,talha ulvan
Baran Gezek,Eyupspor,1.00 mil. €,baran gezek
Taşkın İlter,Eyupspor,150 bin €,taskın ilter
Mateusz Legowski,Eyupspor,2.00 mil. €,mateusz legowski
Charles-André Raux-Yao,Eyupspor,250 bin €,charles-andre raux-yao
Emre Akbaba,Eyupspor,500 bin €,emre akbaba
Ismaila Manga,Eyupspor,-,ismaila manga
Lenny Pintor,Eyupspor,200 bin €,lenny pintor
Denis Radu,Eyupspor,400 bin €,denis radu
Ángel Torres,Eyupspor,300 bin €,angel torres
Dorin Rotariu,Eyupspor,250 bin €,dorin rotariu
Christ Sadia,Eyupspor,100 bin €,christ sadia
Umut Bozok,Eyupspor,1.20 mil. €,umut bozok
Metehan Altunbaş,Eyupspor,300 bin €,metehan altunbas
Abdou Khadre Sy,Eyupspor,-,abdou khadre sy
Bilal Bayazıt,Kayserispor,1.80 mil. €,bilal bayazıt
Deniz Dönmezer,Kayserispor,1.00 mil. €,deniz donmezer
Onurcan Piri,Kayserispor,200 bin €,onurcan piri
Semih Güler,Kayserispor,900 bin €,semih guler
Stefano Denswil,Kayserispor,800 bin €,stefano denswil
Majid Hosseini,Kayserispor,800 bin €,majid hosseini
Jadel Katongo,Kayserispor,400 bin €,jadel katongo
Kayra Cihan,Kayserispor,100 bin €,kayra cihan
Abdulsamet Burak,Kayserispor,-,abdulsamet burak
Lionel Carole,Kayserispor,300 bin €,lionel carole
Joshua Brenet,Kayserispor,1.20 mil. €,joshua brenet
Ramazan Civelek,Kayserispor,800 bin €,ramazan civelek
Burak Kapacak,Kayserispor,200 bin €,burak kapacak
Youssef Aït Bennasser,Kayserispor,1.00 mil. €,youssef ait bennasser
Dorukhan Toköz,Kayserispor,800 bin €,dorukhan tokoz
László Bénes,Kayserispor,2.80 mil. €,laszlo benes
Görkem Sağlam,Kayserispor,900 bin €,gorkem saglam
Furkan Soyalp,Kayserispor,400 bin €,furkan soyalp
Yiğit Emre Çeltik,Kayserispor,50 bin €,yigit emre celtik
João Mendes,Kayserispor,1.20 mil. €,joao mendes
Eray Özbek,Kayserispor,250 bin €,eray ozbek
Miguel Cardoso,Kayserispor,1.50 mil. €,miguel cardoso
Sam Mather,Kayserispor,100 bin €,sam mather
Nurettin Korkmaz,Kayserispor,100 bin €,nurettin korkmaz
Denis Makarov,Kayserispor,1.50 mil. €,denis makarov
Carlos Mané,Kayserispor,800 bin €,carlos mane
Fedor Chalov,Kayserispor,5.00 mil. €,fedor chalov
German Onugkha,Kayserispor,1.80 mil. €,german onugkha
Indrit Tuci,Kayserispor,700 bin €,indrit tuci
Talha Sarıarslan,Kayserispor,500 bin €,talha sarıarslan
Ivo Grbic,Fatih-Karagumruk,1.20 mil. €,ivo grbic
Furkan Bekleviç,Fatih-Karagumruk,250 bin €,furkan beklevic
Kerem Yandal,Fatih-Karagumruk,-,kerem yandal
Berke Can Evli,Fatih-Karagumruk,-,berke can evli
Igor Lichnovsky,Fatih-Karagumruk,800 bin €,igor lichnovsky
Davide Biraschi,Fatih-Karagumruk,400 bin €,davide biraschi
Fatih Kurucuk,Fatih-Karagumruk,250 bin €,fatih kurucuk
Anıl Yiğit Çınar,Fatih-Karagumruk,200 bin €,anıl yigit cınar
Burhan Ersoy,Fatih-Karagumruk,100 bin €,burhan ersoy
Muhammed Kadıoğlu,Fatih-Karagumruk,100 bin €,muhammed kadıoglu
Çağtay Kurukalıp,Fatih-Karagumruk,600 bin €,cagtay kurukalıp
Filip Mladenovic,Fatih-Karagumruk,400 bin €,filip mladenovic
Ricardo Esgaio,Fatih-Karagumruk,800 bin €,ricardo esgaio
Bartuğ Elmaz,Fatih-Karagumruk,1.50 mil. €,bartug elmaz
Matías Kranevitter,Fatih-Karagumruk,700 bin €,matias kranevitter
Yaya Onogo,Fatih-Karagumruk,-,yaya onogo
Berkay Özcan,Fatih-Karagumruk,1.50 mil. €,berkay ozcan
Daniel Johnson,Fatih-Karagumruk,350 bin €,daniel johnson
Tuğbey Akgün,Fatih-Karagumruk,100 bin €,tugbey akgun
Sam Larsson,Fatih-Karagumruk,700 bin €,sam larsson
Serginho,Fatih-Karagumruk,600 bin €,serginho
Barış Kalaycı,Fatih-Karagumruk,600 bin €,barıs kalaycı
Ahmet Sivri,Fatih-Karagumruk,250 bin €,ahmet sivri
Shavy Babicka,Fatih-Karagumruk,1.50 mil. €,shavy babicka
Daniele Verde,Fatih-Karagumruk,700 bin €,daniele verde
João Camacho,Fatih-Karagumruk,300 bin €,joao camacho
Ahmed Traore,Fatih-Karagumruk,250 bin €,ahmed traore
Tarık Buğra Kalpaklı,Fatih-Karagumruk,200 bin €,tarık bugra kalpaklı
Tiago Çukur,Fatih-Karagumruk,400 bin €,tiago cukur
Moussa Kone,Fatih-Karagumruk,100 bin €,moussa kone
